<?xml version="1.0" encoding="UTF-8"?>
<metadata modelVersion="1.1.0">
  <groupId>org.eclipse.recommenders</groupId>
  <artifactId>index</artifactId>
  <version>0.0.0-SNAPSHOT</version>
  <versioning>
    <snapshot>
      <timestamp>20140605.014212</timestamp>
      <buildNumber>1</buildNumber>
    </snapshot>
    <lastUpdated>20140605014212</lastUpdated>
    <snapshotVersions>
      <snapshotVersion>
        <extension>zip</extension>
        <value>0.0.0-20140605.014212-1</value>
        <updated>20140605014212</updated>
      </snapshotVersion>
    </snapshotVersions>
  </versioning>
</metadata>
